<?xml version="1.0" encoding="UTF-8"?>
<project default="main" name="org.eclipse.acceleo.module.example.ecore2unittests">
    <property name="ECLIPSE_HOME" value="../../../../Eclipse/Windows/3.6"/>
    <property name="ECLIPSE_WORKSPACE" value="../.."/>

    <!-- The classpath with only the dependencies used by the project -->
    <path id="org.eclipse.acceleo.module.example.ecore2unittests.libraryclasspath">
        <pathelement location="${ECLIPSE_WORKSPACE}/org.eclipse.acceleo.module.example.ecore2unittests/bin"/>
    </path>

    <path id="org.eclipse.acceleo.module.example.ecore2unittests.classpath">
        <path refid="org.eclipse.acceleo.module.example.ecore2unittests.libraryclasspath"/>
    </path>

    <!-- The classpath with only the jars available in the plugin folder of Eclipse -->
    <path id="org.eclipse.acceleo.module.example.ecore2unittests.libraryclasspath.alljars">
        <pathelement location="../org.eclipse.acceleo.module.example.ecore2unittests/bin"/>
        <fileset dir="${ECLIPSE_HOME}/plugins/" includes="*.jar"/>
    </path>

    <path id="org.eclipse.acceleo.module.example.ecore2unittests.classpath.alljars">
        <path refid="org.eclipse.acceleo.module.example.ecore2unittests.libraryclasspath.alljars"/>
    </path>

    <!-- The default task with the jars used by this project -->
    <target name="main">
        <java classname="org.eclipse.acceleo.module.example.ecore2unittests.main.Main" classpathref="org.eclipse.acceleo.module.example.ecore2unittests.classpath">
            <arg value="${model}"/>
            <arg value="${target}"/>
        </java>
    </target>

    <!--
        In case of problem you can also try with all the jar available in your Eclipse
        Keep in mind that having two versions of the same jar can create problems
    -->
    <target name="main.alljars">
        <java classname="org.eclipse.acceleo.module.example.ecore2unittests.main.Main" classpathref="org.eclipse.acceleo.module.example.ecore2unittests.classpath">
            <arg value="${model}"/>
            <arg value="${target}"/>
        </java>
    </target>
</project>
