<?xml version="1.0" encoding="UTF-8"?>
<project default="generateJava" name="org.eclipse.acceleo.module.example.uml2java">
    <property name="ECLIPSE_HOME" value="../../"/>
    <property name="ECLIPSE_WORKSPACE" value="../"/>
    <path id="org.eclipse.acceleo.module.example.uml2java.libraryclasspath">
        <pathelement location="../org.eclipse.acceleo.module.example.uml2java/bin"/>
        <pathelement location="${ECLIPSE_HOME}/plugins/org.eclipse.core.runtime_3.6.0.v20100505.jar"/>
        <pathelement location="${ECLIPSE_HOME}/plugins/org.eclipse.osgi_3.6.0.v20100517.jar"/>
        <pathelement location="${ECLIPSE_HOME}/plugins/org.eclipse.equinox.common_3.6.0.v20100503.jar"/>
        <pathelement location="${ECLIPSE_HOME}/plugins/org.eclipse.core.jobs_3.5.0.v20100515.jar"/>
        <pathelement location="${ECLIPSE_HOME}/plugins/org.eclipse.core.runtime.compatibility.registry_3.3.0.v20100520/runtime_registry_compatibility.jar"/>
        <pathelement location="${ECLIPSE_HOME}/plugins/org.eclipse.equinox.registry_3.5.0.v20100503.jar"/>
        <pathelement location="${ECLIPSE_HOME}/plugins/org.eclipse.equinox.preferences_3.3.0.v20100503.jar"/>
        <pathelement location="${ECLIPSE_HOME}/plugins/org.eclipse.core.contenttype_3.4.100.v20100505-1235.jar"/>
        <pathelement location="${ECLIPSE_HOME}/plugins/org.eclipse.equinox.app_1.3.0.v20100512.jar"/>
        <pathelement location="${ECLIPSE_HOME}/plugins/org.eclipse.uml2.uml_3.1.0.v201006071150.jar"/>
        <pathelement location="${ECLIPSE_HOME}/plugins/org.eclipse.emf.ecore_2.6.1.v20100914-1218.jar"/>
        <pathelement location="${ECLIPSE_HOME}/plugins/org.eclipse.emf.common_2.6.0.v20100914-1218.jar"/>
        <pathelement location="${ECLIPSE_HOME}/plugins/org.eclipse.emf.ecore.xmi_2.5.0.v20100521-1846.jar"/>
        <pathelement location="${ECLIPSE_HOME}/plugins/org.eclipse.uml2.common_1.5.0.v201005031530.jar"/>
        <pathelement location="${ECLIPSE_HOME}/plugins/org.eclipse.ocl_3.0.0.v201005061704.jar"/>
        <pathelement location="${ECLIPSE_HOME}/plugins/lpg.runtime.java_2.0.17.v201004271640.jar"/>
        <pathelement location="${ECLIPSE_HOME}/plugins/org.eclipse.ocl.ecore_3.0.0.v201005061704.jar"/>
        <pathelement location="${ECLIPSE_HOME}/workspace_Traceability/org.eclipse.acceleo.model/bin"/>
        <pathelement location="${ECLIPSE_HOME}/workspace_Traceability/org.eclipse.acceleo.engine/bin"/>
        <pathelement location="${ECLIPSE_HOME}/workspace_Traceability/org.eclipse.acceleo.common/bin"/>
        <pathelement location="${ECLIPSE_HOME}/workspace_Traceability/org.eclipse.acceleo.profiler/bin"/>
        <pathelement location="${ECLIPSE_HOME}/plugins/org.eclipse.emf.codegen.ecore_2.6.1.v20100914-1218.jar"/>
        <pathelement location="${ECLIPSE_HOME}/plugins/org.eclipse.emf.codegen_2.6.0.v20100914-1218.jar"/>
    </path>
    <path id="org.eclipse.acceleo.module.example.uml2java.classpath">
        <path refid="org.eclipse.acceleo.module.example.uml2java.libraryclasspath"/>
    </path>

    <target name="generateJava">

        <java classname="org.eclipse.acceleo.module.example.uml2java.GenerateJava" classpathref="org.eclipse.acceleo.module.example.uml2java.classpath">
            <arg value="model"/>
            <arg value="target"/>
        </java>

    </target>

</project>
