<?xml version="1.0" encoding="UTF-8"?>
<project default="generateJava" name="org.eclipse.acceleo.module.example.uml2java">
    <property name="ECLIPSE_HOME" value="../../"/>
    <property name="ECLIPSE_WORKSPACE" value="../"/>
    <path id="org.eclipse.acceleo.module.example.uml2java.libraryclasspath">
    	<pathelement location="../org.eclipse.acceleo.module.example.uml2java/bin"/>
    	
    	<pathelement location="${ECLIPSE_HOME}/plugins/org.eclipse.core.runtime_3.4.0.v20080512.jar"/>
    	<pathelement location="${ECLIPSE_HOME}/plugins/org.eclipse.osgi_3.4.3.R34x_v20081215-1030.jar"/>
    	<pathelement location="${ECLIPSE_HOME}/plugins/org.eclipse.equinox.common_3.4.0.v20080421-2006.jar"/>
    	<pathelement location="${ECLIPSE_HOME}/plugins/org.eclipse.core.jobs_3.4.1.R34x_v20081128.jar"/>
    	<pathelement location="${ECLIPSE_HOME}/plugins/org.eclipse.core.runtime.compatibility.registry_3.2.200.v20080610/runtime_registry_compatibility.jar"/>
    	<pathelement location="${ECLIPSE_HOME}/plugins/org.eclipse.equinox.registry_3.4.0.v20080516-0950.jar"/>
    	<pathelement location="${ECLIPSE_HOME}/plugins/org.eclipse.equinox.preferences_3.2.201.R34x_v20080709.jar"/>
    	<pathelement location="${ECLIPSE_HOME}/plugins/org.eclipse.core.contenttype_3.3.0.v20080604-1400.jar"/>
    	<pathelement location="${ECLIPSE_HOME}/plugins/org.eclipse.equinox.app_1.1.0.v20080421-2006.jar"/>
    	<pathelement location="${ECLIPSE_HOME}/plugins/org.eclipse.uml2.uml_2.2.2.v200811051031.jar"/>
    	<pathelement location="${ECLIPSE_HOME}/plugins/org.eclipse.emf.ecore_2.4.2.v200902171115.jar"/>
    	<pathelement location="${ECLIPSE_HOME}/plugins/org.eclipse.emf.common_2.4.0.v200902171115.jar"/>
    	<pathelement location="${ECLIPSE_HOME}/plugins/org.eclipse.emf.ecore.xmi_2.4.1.v200902171115.jar"/>
    	<pathelement location="${ECLIPSE_HOME}/plugins/org.eclipse.uml2.common_1.4.0.v200805131030.jar"/>
    	<pathelement location="${ECLIPSE_HOME}/plugins/org.eclipse.ocl_1.2.3.v200901071407.jar"/>
    	<pathelement location="${ECLIPSE_HOME}/plugins/net.sourceforge.lpg.lpgjavaruntime_1.1.0.v200803061910.jar"/>
    	<pathelement location="${ECLIPSE_HOME}/plugins/org.eclipse.ocl.ecore_1.2.1.v200807301850.jar"/>
    	<pathelement location="${ECLIPSE_HOME}/plugins/org.eclipse.emf.codegen.ecore_2.4.2.v200902171115.jar"/>
    	<pathelement location="${ECLIPSE_HOME}/plugins/org.eclipse.emf.codegen_2.4.0.v200902171115.jar"/>
    </path>
    <path id="org.eclipse.acceleo.module.example.uml2java.classpath">
        <path refid="org.eclipse.acceleo.module.example.uml2java.libraryclasspath"/>
    </path>

	<target name="generateJava">

		<java classname="org.eclipse.acceleo.module.example.uml2java.GenerateJava" classpathref="org.eclipse.acceleo.module.example.uml2java.classpath">
			<arg value="${model}"/>
			<arg value="${target}"/>
		</java>

	</target>

</project>
